 Phenotype, Gene Code
Black Velvet ,aabbccddeeFfggHH
Beige Heterozigote,AabbccddeeffggHH
Standard Grey,aabbccddeeffggHH
" White (Mosaick,Wilson,Silver)",aabbccddEeffggHH
Beige Homozigote,AAbbccddeeffggHH
Pink White Homozigote,AAbbccddEeffggHH
Pink White,AabbccddEeffggHH
Brown Velvet,AabbccddeeFfggHH
Beige Homozigote TOV,AAbbccddeeFfggHH
Pink White Homozigote TOV,AAbbccddEeFfggHH
Pink White TOV,AabbccddEeFfggHH
White TOV,aabbccddEeFfggHH
Ebony(portatore Zaffiro),aabbCcddeeffGGHH
Ebony(portatore Violet),aaBbccddeeffGGHH
Homo Ebony,aabbccddeeffGGHH
Zaffiro,aabbCCddeeffggHH
Standard Grey (portatore Zaffiro+Violet),aaBbCCddeeffggHH
Ebony Zaffiro,aabbCcddeeffGGHH
EbonyViolet (Wrap),aaBBccddeeffGGHH
Afro Violet,aaBBccddeeffggHH
Blu Diamond,aaBBCCddeeffggHH
Violet/Sapphire carrier,aaBBCcddeeffggHH
Beige(portatore Zaffiro),AabbCcddeeffggHH
Beige(portatore Violet),AaBbccddeeffggHH
SapphireBeige,AabbCCddeeffggHH
Beige Violet,AaBBccddeeffggHH
Black Velvet(portatore Zaffiro),aabbCcddeeFfggHH
Black Velvet(portatore Violet),aaBbccddeeFfggHH
Standard (Ebony carrier),aabbccddeeffGgHH
HeteroEbony Light,aabbccddeeffGgHH
Ebano Medium ,aabbccddeeffGGHH
Ebano Dark,aabbccddeeffGGHH
Homo Beige Sapphire,AAbbCCddeeffggHH
BeigeViolet Homozigote,AABBccddeeffggHH
PastellEbony Violet,AAbbccddeeffGgHH
Beige Homozigote (portatore zaffiro),AAbbCcddeeffggHH
PastellEbony Homozigote,AAbbccddeeffGGHH
Beige Homozigote (portatore violet),AABbccddeeffggHH
Tan Light,AabbccddeeffGgHH
Tan Dark,AabbccddeeffGGHH
Standard(portatore zaffiro),aabbCcddeeffggHH
Standard(portatore violet),aaBbccddeeffggHH
Standard (portatore Violet & Zaffiro),aaBbCcddeeffggHH
PastellEbony Dark,AabbccddeeffGGHH
PastellEbony Medium,AabbccddeeffGGHH
Ebano Dark TOV,aabbccddeeFfGGHH
Black velvet(portatore Ebano),aabbccddeeFfGgHH
Ebano Homozigote TOV,aabbccddeeFfGGHH
HeteroEbony Light TOV,aabbccddeeFfGGHH
Tan Dark TOV,AabbccddeeFfGgHH
Brown Velvet(portatore ebano),AabbccddeeFfGgHH
Zaffiro TOV,aabbCCddeeFfggHH
Chokolate,AabbccddeeFfGGHH
Tan Medium TOV,AabbccddeeFfGGHH
Violet TOV,aaBBccddeeFfggHH
White Ebony Dark,aabbccddEeffGGHH
White Wilson/mosaick/silver(portatore Ebano),aabbccddEeffGgHH
White Ebony Light,aabbccddEeffGGHH
White Ebony Medium,aabbccddEeffGGHH
White Tan Dark,AabbccddEeffGGHH
Pink White (portatore Ebano),AabbccddEeffGgHH
WhiteZaffiro,aabbCCddEeffggHH
White Choko,AabbccddEeffGGHH
White Tan Medium,AabbccddEeffGGHH
WhiteViolet,aaBBccddEeffggHH
White(portatore Zaffiro),aabbCcddEeffggHH
White(portatore Violet),aaBbccddEeffggHH